grid point,x,y,z,shots expected,shots delivered,time taken,u,v,w
1,61.84,437.49,251.34,1,0,2.092,160.000,-15.000,180.000
2,60.80,434.82,251.34,1,0,1.500,157.500,-15.000,180.000
3,59.64,432.19,251.34,1,0,1.499,155.000,-15.000,180.000
4,58.37,429.61,251.34,1,0,1.501,152.500,-15.000,180.000
5,56.99,427.10,251.34,1,0,1.510,150.000,-15.000,180.000
6,55.50,424.64,251.34,1,0,1.499,147.500,-15.000,180.000
7,53.90,422.26,251.34,1,0,1.500,145.000,-15.000,180.000
8,52.21,419.94,251.34,1,0,1.500,142.500,-15.000,180.000
9,50.41,417.70,251.34,1,0,1.000,140.000,-15.000,180.000
10,48.52,415.54,251.34,1,0,1.000,137.500,-15.000,180.000
11,46.53,413.47,251.34,1,0,1.001,135.000,-15.000,180.000
12,44.46,411.48,251.34,1,0,1.000,132.500,-15.000,180.000
13,42.30,409.59,251.34,1,0,0.999,130.000,-15.000,180.000
14,40.06,407.79,251.34,1,0,1.001,127.500,-15.000,180.000
15,37.74,406.10,251.34,1,0,1.000,125.000,-15.000,180.000
16,35.36,404.50,251.34,1,0,0.999,122.500,-15.000,180.000
17,32.90,403.01,251.34,1,0,1.001,120.000,-15.000,180.000
18,30.39,401.63,251.34,1,0,1.000,117.500,-15.000,180.000
19,27.81,400.36,251.34,1,0,1.000,115.000,-15.000,180.000
20,25.18,399.20,251.34,1,0,0.999,112.500,-15.000,180.000
21,22.51,398.16,251.34,1,0,1.001,110.000,-15.000,180.000
22,19.79,397.24,251.34,1,0,1.000,107.500,-15.000,180.000
23,17.03,396.44,251.34,1,0,1.010,105.000,-15.000,180.000
24,14.24,395.76,251.34,1,0,1.000,102.500,-15.000,180.000
25,11.43,395.19,251.34,1,0,1.000,100.000,-15.000,180.000
26,8.59,394.76,251.34,1,0,0.999,97.500,-15.000,180.000
27,5.74,394.45,251.34,1,0,1.001,95.000,-15.000,180.000
28,2.87,394.26,251.34,1,0,0.999,92.500,-15.000,180.000
29,-0.00,394.20,251.34,1,0,1.001,90.000,-15.000,180.000
30,-2.87,394.26,251.34,1,0,0.999,87.500,-15.000,180.000
31,-5.74,394.45,251.34,1,0,1.000,85.000,-15.000,180.000
32,-8.59,394.76,251.34,1,0,1.000,82.500,-15.000,180.000
33,-11.43,395.19,251.34,1,0,1.001,80.000,-15.000,180.000
34,-14.24,395.76,251.34,1,0,0.999,77.500,-15.000,180.000
35,-17.03,396.44,251.34,1,0,1.001,75.000,-15.000,180.000
36,-19.79,397.24,251.34,1,0,0.999,72.500,-15.000,180.000
37,-22.51,398.16,251.34,1,0,1.000,70.000,-15.000,180.000
38,-25.18,399.20,251.34,1,0,1.000,67.500,-15.000,180.000
39,-27.81,400.36,251.34,1,0,1.000,65.000,-15.000,180.000
40,-30.39,401.63,251.34,1,0,1.000,62.500,-15.000,180.000
41,-32.90,403.01,251.34,1,0,1.010,60.000,-15.000,180.000
42,-35.36,404.50,251.34,1,0,1.001,57.500,-15.000,180.000
43,-37.74,406.10,251.34,1,0,0.999,55.000,-15.000,180.000
44,-40.06,407.79,251.34,1,0,1.000,52.500,-15.000,180.000
45,-42.30,409.59,251.34,1,0,1.000,50.000,-15.000,180.000
46,-44.46,411.48,251.34,1,0,1.000,47.500,-15.000,180.000
47,-46.53,413.47,251.34,1,0,1.001,45.000,-15.000,180.000
48,-48.52,415.54,251.34,1,0,0.999,42.500,-15.000,180.000
49,-50.41,417.70,251.34,1,0,1.000,40.000,-15.000,180.000
50,-52.21,419.94,251.34,1,0,1.000,37.500,-15.000,180.000
51,-53.90,422.26,251.34,1,0,1.501,35.000,-15.000,180.000
52,-55.50,424.64,251.34,1,0,1.500,32.500,-15.000,180.000
53,-56.99,427.10,251.34,1,0,1.499,30.000,-15.000,180.000
54,-58.37,429.61,251.34,1,0,1.500,27.500,-15.000,180.000
55,-59.64,432.19,251.34,1,0,1.500,25.000,-15.000,180.000
56,-60.80,434.82,251.34,1,0,1.500,22.500,-15.000,180.000
57,-61.84,437.49,251.34,1,0,1.511,20.000,-15.000,180.000
58,-55.77,439.70,252.98,1,0,1.500,20.000,-13.500,180.000
59,-54.84,437.29,252.98,1,0,1.000,22.500,-13.500,180.000
60,-53.79,434.92,252.98,1,0,0.999,25.000,-13.500,180.000
61,-52.65,432.59,252.98,1,0,1.001,27.500,-13.500,180.000
62,-51.40,430.32,252.98,1,0,0.999,30.000,-13.500,180.000
63,-50.06,428.11,252.98,1,0,1.000,32.500,-13.500,180.000
64,-48.62,425.96,252.98,1,0,1.001,35.000,-13.500,180.000
65,-47.09,423.87,252.98,1,0,0.999,37.500,-13.500,180.000
66,-45.47,421.85,252.98,1,0,1.000,40.000,-13.500,180.000
67,-43.76,419.90,252.98,1,0,1.001,42.500,-13.500,180.000
68,-41.97,418.03,252.98,1,0,0.999,45.000,-13.500,180.000
69,-40.10,416.24,252.98,1,0,1.000,47.500,-13.500,180.000
70,-38.15,414.53,252.98,1,0,1.000,50.000,-13.500,180.000
71,-36.13,412.91,252.98,1,0,1.001,52.500,-13.500,180.000
72,-34.04,411.38,252.98,1,0,0.999,55.000,-13.500,180.000
73,-31.89,409.94,252.98,1,0,1.001,57.500,-13.500,180.000
74,-29.68,408.60,252.98,1,0,0.999,60.000,-13.500,180.000
75,-27.41,407.35,252.98,1,0,1.011,62.500,-13.500,180.000
76,-25.08,406.21,252.98,1,0,0.999,65.000,-13.500,180.000
77,-22.71,405.16,252.98,1,0,1.000,67.500,-13.500,180.000
78,-20.30,404.23,252.98,1,0,1.001,70.000,-13.500,180.000
79,-17.85,403.39,252.98,1,0,1.000,72.500,-13.500,180.000
80,-15.36,402.67,252.98,1,0,1.000,75.000,-13.500,180.000
81,-12.85,402.05,252.98,1,0,0.999,77.500,-13.500,180.000
82,-10.31,401.55,252.98,1,0,1.001,80.000,-13.500,180.000
83,-7.75,401.15,252.98,1,0,1.000,82.500,-13.500,180.000
84,-5.17,400.87,252.98,1,0,0.999,85.000,-13.500,180.000
85,-2.59,400.70,252.98,1,0,1.000,87.500,-13.500,180.000
86,-0.00,400.65,252.98,1,0,1.000,90.000,-13.500,180.000
87,2.59,400.70,252.98,1,0,1.000,92.500,-13.500,180.000
88,5.17,400.87,252.98,1,0,1.000,95.000,-13.500,180.000
89,7.75,401.15,252.98,1,0,1.000,97.500,-13.500,180.000
90,10.31,401.55,252.98,1,0,1.000,100.000,-13.500,180.000
91,12.85,402.05,252.98,1,0,1.001,102.500,-13.500,180.000
92,15.36,402.67,252.98,1,0,0.999,105.000,-13.500,180.000
93,17.85,403.39,252.98,1,0,1.010,107.500,-13.500,180.000
94,20.30,404.23,252.98,1,0,1.001,110.000,-13.500,180.000
95,22.71,405.16,252.98,1,0,1.000,112.500,-13.500,180.000
96,25.08,406.21,252.98,1,0,1.000,115.000,-13.500,180.000
97,27.41,407.35,252.98,1,0,0.999,117.500,-13.500,180.000
98,29.68,408.60,252.98,1,0,1.000,120.000,-13.500,180.000
99,31.89,409.94,252.98,1,0,1.001,122.500,-13.500,180.000
100,34.04,411.38,252.98,1,0,0.999,125.000,-13.500,180.000
101,36.13,412.91,252.98,1,0,1.000,127.500,-13.500,180.000
102,38.15,414.53,252.98,1,0,1.001,130.000,-13.500,180.000
103,40.10,416.24,252.98,1,0,1.000,132.500,-13.500,180.000
104,41.97,418.03,252.98,1,0,0.999,135.000,-13.500,180.000
105,43.76,419.90,252.98,1,0,1.000,137.500,-13.500,180.000
106,45.47,421.85,252.98,1,0,1.000,140.000,-13.500,180.000
107,47.09,423.87,252.98,1,0,1.000,142.500,-13.500,180.000
108,48.62,425.96,252.98,1,0,1.000,145.000,-13.500,180.000
109,50.06,428.11,252.98,1,0,1.001,147.500,-13.500,180.000
110,51.40,430.32,252.98,1,0,1.000,150.000,-13.500,180.000
111,52.65,432.59,252.98,1,0,0.999,152.500,-13.500,180.000
112,53.79,434.92,252.98,1,0,1.011,155.000,-13.500,180.000
113,54.84,437.29,252.98,1,0,0.999,157.500,-13.500,180.000
114,55.77,439.70,252.98,1,0,1.001,160.000,-13.500,180.000
115,49.67,441.92,254.44,1,0,1.499,160.000,-12.000,180.000
116,48.84,439.77,254.44,1,0,1.000,157.500,-12.000,180.000
117,47.91,437.66,254.44,1,0,1.001,155.000,-12.000,180.000
118,46.89,435.59,254.44,1,0,0.999,152.500,-12.000,180.000
119,45.78,433.57,254.44,1,0,1.001,150.000,-12.000,180.000
120,44.58,431.60,254.44,1,0,0.999,147.500,-12.000,180.000
121,43.30,429.68,254.44,1,0,1.000,145.000,-12.000,180.000
122,41.94,427.82,254.44,1,0,1.001,142.500,-12.000,180.000
123,40.49,426.02,254.44,1,0,1.000,140.000,-12.000,180.000
124,38.97,424.29,254.44,1,0,1.000,137.500,-12.000,180.000
125,37.38,422.62,254.44,1,0,1.000,135.000,-12.000,180.000
126,35.71,421.03,254.44,1,0,1.000,132.500,-12.000,180.000
127,33.98,419.51,254.44,1,0,1.000,130.000,-12.000,180.000
128,32.18,418.06,254.44,1,0,1.000,127.500,-12.000,180.000
129,30.32,416.70,254.44,1,0,1.000,125.000,-12.000,180.000
130,28.40,415.42,254.44,1,0,1.010,122.500,-12.000,180.000
131,26.43,414.22,254.44,1,0,0.999,120.000,-12.000,180.000
132,24.41,413.11,254.44,1,0,1.000,117.500,-12.000,180.000
133,22.34,412.09,254.44,1,0,1.001,115.000,-12.000,180.000
134,20.23,411.16,254.44,1,0,0.999,112.500,-12.000,180.000
135,18.08,410.33,254.44,1,0,1.001,110.000,-12.000,180.000
136,15.90,409.59,254.44,1,0,0.999,107.500,-12.000,180.000
137,13.68,408.94,254.44,1,0,1.000,105.000,-12.000,180.000
138,11.44,408.39,254.44,1,0,1.000,102.500,-12.000,180.000
139,9.18,407.94,254.44,1,0,1.000,100.000,-12.000,180.000
140,6.90,407.59,254.44,1,0,1.000,97.500,-12.000,180.000
141,4.61,407.34,254.44,1,0,1.001,95.000,-12.000,180.000
142,2.31,407.19,254.44,1,0,1.000,92.500,-12.000,180.000
143,-0.00,407.14,254.44,1,0,1.000,90.000,-12.000,180.000
144,-2.31,407.19,254.44,1,0,0.999,87.500,-12.000,180.000
145,-4.61,407.34,254.44,1,0,1.001,85.000,-12.000,180.000
146,-6.90,407.59,254.44,1,0,0.999,82.500,-12.000,180.000
147,-9.18,407.94,254.44,1,0,1.000,80.000,-12.000,180.000
148,-11.44,408.39,254.44,1,0,1.011,77.500,-12.000,180.000
149,-13.68,408.94,254.44,1,0,0.989,75.000,-12.000,180.000
150,-15.90,409.59,254.44,1,0,1.011,72.500,-12.000,180.000
151,-18.08,410.33,254.44,1,0,0.999,70.000,-12.000,180.000
152,-20.23,411.16,254.44,1,0,1.001,67.500,-12.000,180.000
153,-22.34,412.09,254.44,1,0,1.000,65.000,-12.000,180.000
154,-24.41,413.11,254.44,1,0,0.999,62.500,-12.000,180.000
155,-26.43,414.22,254.44,1,0,1.000,60.000,-12.000,180.000
156,-28.40,415.42,254.44,1,0,1.000,57.500,-12.000,180.000
157,-30.32,416.70,254.44,1,0,1.000,55.000,-12.000,180.000
158,-32.18,418.06,254.44,1,0,1.001,52.500,-12.000,180.000
159,-33.98,419.51,254.44,1,0,0.999,50.000,-12.000,180.000
160,-35.71,421.03,254.44,1,0,1.000,47.500,-12.000,180.000
161,-37.38,422.62,254.44,1,0,1.000,45.000,-12.000,180.000
162,-38.97,424.29,254.44,1,0,1.000,42.500,-12.000,180.000
163,-40.49,426.02,254.44,1,0,1.000,40.000,-12.000,180.000
164,-41.94,427.82,254.44,1,0,1.001,37.500,-12.000,180.000
165,-43.30,429.68,254.44,1,0,1.000,35.000,-12.000,180.000
166,-44.58,431.60,254.44,1,0,1.000,32.500,-12.000,180.000
167,-45.78,433.57,254.44,1,0,0.999,30.000,-12.000,180.000
168,-46.89,435.59,254.44,1,0,1.011,27.500,-12.000,180.000
169,-47.91,437.66,254.44,1,0,1.000,25.000,-12.000,180.000
170,-48.84,439.77,254.44,1,0,1.000,22.500,-12.000,180.000
171,-49.67,441.92,254.44,1,0,1.000,20.000,-12.000,180.000
172,-43.54,444.15,255.74,1,0,1.499,20.000,-10.500,180.000
173,-42.81,442.27,255.74,1,0,1.000,22.500,-10.500,180.000
174,-41.99,440.42,255.74,1,0,1.001,25.000,-10.500,180.000
175,-41.10,438.61,255.74,1,0,1.000,27.500,-10.500,180.000
176,-40.13,436.83,255.74,1,0,0.999,30.000,-10.500,180.000
177,-39.08,435.11,255.74,1,0,1.001,32.500,-10.500,180.000
178,-37.95,433.42,255.74,1,0,1.000,35.000,-10.500,180.000
179,-36.76,431.79,255.74,1,0,0.999,37.500,-10.500,180.000
180,-35.49,430.22,255.74,1,0,1.000,40.000,-10.500,180.000
181,-34.16,428.70,255.74,1,0,1.000,42.500,-10.500,180.000
182,-32.76,427.24,255.74,1,0,1.001,45.000,-10.500,180.000
183,-31.30,425.84,255.74,1,0,1.000,47.500,-10.500,180.000
184,-29.78,424.51,255.74,1,0,0.999,50.000,-10.500,180.000
185,-28.21,423.24,255.74,1,0,1.000,52.500,-10.500,180.000
186,-26.58,422.05,255.74,1,0,1.011,55.000,-10.500,180.000
187,-24.89,420.92,255.74,1,0,0.999,57.500,-10.500,180.000
188,-23.17,419.87,255.74,1,0,1.001,60.000,-10.500,180.000
189,-21.39,418.90,255.74,1,0,0.999,62.500,-10.500,180.000
190,-19.58,418.01,255.74,1,0,1.001,65.000,-10.500,180.000
191,-17.73,417.19,255.74,1,0,1.000,67.500,-10.500,180.000
192,-15.85,416.46,255.74,1,0,0.999,70.000,-10.500,180.000
193,-13.93,415.81,255.74,1,0,1.000,72.500,-10.500,180.000
194,-11.99,415.25,255.74,1,0,1.000,75.000,-10.500,180.000
195,-10.03,414.76,255.74,1,0,1.001,77.500,-10.500,180.000
196,-8.05,414.37,255.74,1,0,1.000,80.000,-10.500,180.000
197,-6.05,414.06,255.74,1,0,1.000,82.500,-10.500,180.000
198,-4.04,413.84,255.74,1,0,1.000,85.000,-10.500,180.000
199,-2.02,413.71,255.74,1,0,0.999,87.500,-10.500,180.000
200,-0.00,413.67,255.74,1,0,1.000,90.000,-10.500,180.000
201,2.02,413.71,255.74,1,0,1.000,92.500,-10.500,180.000
202,4.04,413.84,255.74,1,0,1.000,95.000,-10.500,180.000
203,6.05,414.06,255.74,1,0,1.001,97.500,-10.500,180.000
204,8.05,414.37,255.74,1,0,1.010,100.000,-10.500,180.000
205,10.03,414.76,255.74,1,0,0.999,102.500,-10.500,180.000
206,11.99,415.25,255.74,1,0,1.000,105.000,-10.500,180.000
207,13.93,415.81,255.74,1,0,1.000,107.500,-10.500,180.000
208,15.85,416.46,255.74,1,0,1.000,110.000,-10.500,180.000
209,17.73,417.19,255.74,1,0,1.000,112.500,-10.500,180.000
210,19.58,418.01,255.74,1,0,1.000,115.000,-10.500,180.000
211,21.39,418.90,255.74,1,0,1.000,117.500,-10.500,180.000
212,23.17,419.87,255.74,1,0,1.000,120.000,-10.500,180.000
213,24.89,420.92,255.74,1,0,1.001,122.500,-10.500,180.000
214,26.58,422.05,255.74,1,0,1.000,125.000,-10.500,180.000
215,28.21,423.24,255.74,1,0,1.000,127.500,-10.500,180.000
216,29.78,424.51,255.74,1,0,0.999,130.000,-10.500,180.000
217,31.30,425.84,255.74,1,0,1.000,132.500,-10.500,180.000
218,32.76,427.24,255.74,1,0,1.000,135.000,-10.500,180.000
219,34.16,428.70,255.74,1,0,1.001,137.500,-10.500,180.000
220,35.49,430.22,255.74,1,0,1.000,140.000,-10.500,180.000
221,36.76,431.79,255.74,1,0,1.000,142.500,-10.500,180.000
222,37.95,433.42,255.74,1,0,0.999,145.000,-10.500,180.000
223,39.08,435.11,255.74,1,0,1.000,147.500,-10.500,180.000
224,40.13,436.83,255.74,1,0,1.011,150.000,-10.500,180.000
225,41.10,438.61,255.74,1,0,0.999,152.500,-10.500,180.000
226,41.99,440.42,255.74,1,0,1.001,155.000,-10.500,180.000
227,42.81,442.27,255.74,1,0,0.999,157.500,-10.500,180.000
228,43.54,444.15,255.74,1,0,1.001,160.000,-10.500,180.000
229,37.37,446.40,256.87,1,0,1.500,160.000,-9.000,180.000
230,36.75,444.78,256.87,1,0,0.999,157.500,-9.000,180.000
231,36.05,443.19,256.87,1,0,1.001,155.000,-9.000,180.000
232,35.28,441.63,256.87,1,0,1.000,152.500,-9.000,180.000
233,34.44,440.11,256.87,1,0,0.999,150.000,-9.000,180.000
234,33.54,438.63,256.87,1,0,1.000,147.500,-9.000,180.000
235,32.58,437.19,256.87,1,0,1.000,145.000,-9.000,180.000
236,31.55,435.79,256.87,1,0,1.000,142.500,-9.000,180.000
237,30.47,434.43,256.87,1,0,1.001,140.000,-9.000,180.000
238,29.32,433.13,256.87,1,0,1.000,137.500,-9.000,180.000
239,28.12,431.88,256.87,1,0,1.000,135.000,-9.000,180.000
240,26.87,430.68,256.87,1,0,1.000,132.500,-9.000,180.000
241,25.57,429.53,256.87,1,0,0.999,130.000,-9.000,180.000
242,24.21,428.45,256.87,1,0,1.010,127.500,-9.000,180.000
243,22.81,427.42,256.87,1,0,1.001,125.000,-9.000,180.000
244,21.37,426.46,256.87,1,0,1.000,122.500,-9.000,180.000
245,19.89,425.56,256.87,1,0,1.000,120.000,-9.000,180.000
246,18.37,424.72,256.87,1,0,0.999,117.500,-9.000,180.000
247,16.81,423.95,256.87,1,0,1.000,115.000,-9.000,180.000
248,15.22,423.25,256.87,1,0,1.000,112.500,-9.000,180.000
249,13.60,422.63,256.87,1,0,1.001,110.000,-9.000,180.000
250,11.96,422.07,256.87,1,0,0.999,107.500,-9.000,180.000
251,10.29,421.58,256.87,1,0,1.000,105.000,-9.000,180.000
252,8.61,421.17,256.87,1,0,1.000,102.500,-9.000,180.000
253,6.91,420.83,256.87,1,0,1.000,100.000,-9.000,180.000
254,5.19,420.57,256.87,1,0,1.000,97.500,-9.000,180.000
255,3.47,420.38,256.87,1,0,1.001,95.000,-9.000,180.000
256,1.73,420.26,256.87,1,0,0.999,92.500,-9.000,180.000
257,-0.00,420.23,256.87,1,0,1.000,90.000,-9.000,180.000
258,-1.73,420.26,256.87,1,0,1.001,87.500,-9.000,180.000
259,-3.47,420.38,256.87,1,0,0.999,85.000,-9.000,180.000
260,-5.19,420.57,256.87,1,0,1.011,82.500,-9.000,180.000
261,-6.91,420.83,256.87,1,0,0.999,80.000,-9.000,180.000
262,-8.61,421.17,256.87,1,0,1.001,77.500,-9.000,180.000
263,-10.29,421.58,256.87,1,0,0.999,75.000,-9.000,180.000
264,-11.96,422.07,256.87,1,0,1.000,72.500,-9.000,180.000
265,-13.60,422.63,256.87,1,0,1.001,70.000,-9.000,180.000
266,-15.22,423.25,256.87,1,0,0.999,67.500,-9.000,180.000
267,-16.81,423.95,256.87,1,0,1.001,65.000,-9.000,180.000
268,-18.37,424.72,256.87,1,0,0.999,62.500,-9.000,180.000
269,-19.89,425.56,256.87,1,0,1.000,60.000,-9.000,180.000
270,-21.37,426.46,256.87,1,0,1.001,57.500,-9.000,180.000
271,-22.81,427.42,256.87,1,0,1.000,55.000,-9.000,180.000
272,-24.21,428.45,256.87,1,0,0.999,52.500,-9.000,180.000
273,-25.57,429.53,256.87,1,0,1.000,50.000,-9.000,180.000
274,-26.87,430.68,256.87,1,0,1.000,47.500,-9.000,180.000
275,-28.12,431.88,256.87,1,0,1.001,45.000,-9.000,180.000
276,-29.32,433.13,256.87,1,0,1.000,42.500,-9.000,180.000
277,-30.47,434.43,256.87,1,0,0.999,40.000,-9.000,180.000
278,-31.55,435.79,256.87,1,0,1.000,37.500,-9.000,180.000
279,-32.58,437.19,256.87,1,0,1.011,35.000,-9.000,180.000
280,-33.54,438.63,256.87,1,0,0.999,32.500,-9.000,180.000
281,-34.44,440.11,256.87,1,0,1.000,30.000,-9.000,180.000
282,-35.28,441.63,256.87,1,0,1.000,27.500,-9.000,180.000
283,-36.05,443.19,256.87,1,0,1.001,25.000,-9.000,180.000
284,-36.75,444.78,256.87,1,0,0.999,22.500,-9.000,180.000
285,-37.37,446.40,256.87,1,0,1.000,20.000,-9.000,180.000
286,-31.18,448.65,257.82,1,0,1.500,20.000,-7.500,180.000
287,-30.66,447.30,257.82,1,0,1.001,22.500,-7.500,180.000
288,-30.08,445.97,257.82,1,0,1.000,25.000,-7.500,180.000
289,-29.44,444.68,257.82,1,0,1.000,27.500,-7.500,180.000
290,-28.74,443.41,257.82,1,0,0.999,30.000,-7.500,180.000
291,-27.99,442.17,257.82,1,0,1.001,32.500,-7.500,180.000
292,-27.18,440.97,257.82,1,0,0.999,35.000,-7.500,180.000
293,-26.33,439.80,257.82,1,0,1.000,37.500,-7.500,180.000
294,-25.42,438.67,257.82,1,0,1.000,40.000,-7.500,180.000
295,-24.47,437.58,257.82,1,0,1.000,42.500,-7.500,180.000
296,-23.47,436.53,257.82,1,0,1.000,45.000,-7.500,180.000
297,-22.42,435.53,257.82,1,0,1.001,47.500,-7.500,180.000
298,-21.33,434.58,257.82,1,0,1.009,50.000,-7.500,180.000
299,-20.20,433.67,257.82,1,0,1.001,52.500,-7.500,180.000
300,-19.03,432.82,257.82,1,0,1.000,55.000,-7.500,180.000
301,-17.83,432.01,257.82,1,0,0.999,57.500,-7.500,180.000
302,-16.59,431.26,257.82,1,0,1.000,60.000,-7.500,180.000
303,-15.32,430.56,257.82,1,0,1.000,62.500,-7.500,180.000
304,-14.03,429.92,257.82,1,0,1.000,65.000,-7.500,180.000
305,-12.70,429.34,257.82,1,0,1.000,67.500,-7.500,180.000
306,-11.35,428.82,257.82,1,0,1.000,70.000,-7.500,180.000
307,-9.98,428.35,257.82,1,0,1.001,72.500,-7.500,180.000
308,-8.59,427.94,257.82,1,0,0.999,75.000,-7.500,180.000
309,-7.18,427.60,257.82,1,0,1.000,77.500,-7.500,180.000
310,-5.76,427.32,257.82,1,0,1.000,80.000,-7.500,180.000
311,-4.33,427.10,257.82,1,0,1.000,82.500,-7.500,180.000
312,-2.89,426.94,257.82,1,0,1.000,85.000,-7.500,180.000
313,-1.45,426.85,257.82,1,0,1.000,87.500,-7.500,180.000
314,-0.00,426.81,257.82,1,0,1.001,90.000,-7.500,180.000
315,1.45,426.85,257.82,1,0,0.999,92.500,-7.500,180.000
316,2.89,426.94,257.82,1,0,1.011,95.000,-7.500,180.000
317,4.33,427.10,257.82,1,0,1.000,97.500,-7.500,180.000
318,5.76,427.32,257.82,1,0,0.999,100.000,-7.500,180.000
319,7.18,427.60,257.82,1,0,1.000,102.500,-7.500,180.000
320,8.59,427.94,257.82,1,0,1.000,105.000,-7.500,180.000
321,9.98,428.35,257.82,1,0,1.001,107.500,-7.500,180.000
322,11.35,428.82,257.82,1,0,1.000,110.000,-7.500,180.000
323,12.70,429.34,257.82,1,0,1.000,112.500,-7.500,180.000
324,14.03,429.92,257.82,1,0,0.999,115.000,-7.500,180.000
325,15.32,430.56,257.82,1,0,1.001,117.500,-7.500,180.000
326,16.59,431.26,257.82,1,0,0.999,120.000,-7.500,180.000
327,17.83,432.01,257.82,1,0,1.001,122.500,-7.500,180.000
328,19.03,432.82,257.82,1,0,0.999,125.000,-7.500,180.000
329,20.20,433.67,257.82,1,0,1.000,127.500,-7.500,180.000
330,21.33,434.58,257.82,1,0,1.001,130.000,-7.500,180.000
331,22.42,435.53,257.82,1,0,1.000,132.500,-7.500,180.000
332,23.47,436.53,257.82,1,0,0.999,135.000,-7.500,180.000
333,24.47,437.58,257.82,1,0,1.000,137.500,-7.500,180.000
334,25.42,438.67,257.82,1,0,1.000,140.000,-7.500,180.000
335,26.33,439.80,257.82,1,0,1.010,142.500,-7.500,180.000
336,27.18,440.97,257.82,1,0,1.001,145.000,-7.500,180.000
337,27.99,442.17,257.82,1,0,1.000,147.500,-7.500,180.000
338,28.74,443.41,257.82,1,0,0.999,150.000,-7.500,180.000
339,29.44,444.68,257.82,1,0,1.001,152.500,-7.500,180.000
340,30.08,445.97,257.82,1,0,0.999,155.000,-7.500,180.000
341,30.66,447.30,257.82,1,0,1.000,157.500,-7.500,180.000
342,31.18,448.65,257.82,1,0,1.000,160.000,-7.500,180.000
343,24.97,450.91,258.61,1,0,1.501,160.000,-6.000,180.000
344,24.55,449.83,258.61,1,0,1.000,157.500,-6.000,180.000
345,24.09,448.77,258.61,1,0,1.000,155.000,-6.000,180.000
346,23.57,447.73,258.61,1,0,0.999,152.500,-6.000,180.000
347,23.02,446.71,258.61,1,0,1.001,150.000,-6.000,180.000
348,22.41,445.72,258.61,1,0,0.999,147.500,-6.000,180.000
349,21.77,444.76,258.61,1,0,1.001,145.000,-6.000,180.000
350,21.08,443.82,258.61,1,0,1.000,142.500,-6.000,180.000
351,20.36,442.92,258.61,1,0,0.999,140.000,-6.000,180.000
352,19.59,442.05,258.61,1,0,1.000,137.500,-6.000,180.000
353,18.79,441.21,258.61,1,0,1.010,135.000,-6.000,180.000
354,17.95,440.41,258.61,1,0,1.001,132.500,-6.000,180.000
355,17.08,439.64,258.61,1,0,1.000,130.000,-6.000,180.000
356,16.18,438.92,258.61,1,0,1.000,127.500,-6.000,180.000
357,15.24,438.23,258.61,1,0,0.999,125.000,-6.000,180.000
358,14.28,437.59,258.61,1,0,1.000,122.500,-6.000,180.000
359,13.29,436.98,258.61,1,0,1.000,120.000,-6.000,180.000
360,12.27,436.43,258.61,1,0,1.000,117.500,-6.000,180.000
361,11.23,435.91,258.61,1,0,1.000,115.000,-6.000,180.000
362,10.17,435.45,258.61,1,0,1.001,112.500,-6.000,180.000
363,9.09,435.03,258.61,1,0,0.999,110.000,-6.000,180.000
364,7.99,434.65,258.61,1,0,1.000,107.500,-6.000,180.000
365,6.88,434.33,258.61,1,0,1.001,105.000,-6.000,180.000
366,5.75,434.05,258.61,1,0,1.000,102.500,-6.000,180.000
367,4.61,433.83,258.61,1,0,0.999,100.000,-6.000,180.000
368,3.47,433.65,258.61,1,0,1.000,97.500,-6.000,180.000
369,2.32,433.52,258.61,1,0,1.001,95.000,-6.000,180.000
370,1.16,433.45,258.61,1,0,0.999,92.500,-6.000,180.000
371,-0.00,433.42,258.61,1,0,1.011,90.000,-6.000,180.000
372,-1.16,433.45,258.61,1,0,1.000,87.500,-6.000,180.000
373,-2.32,433.52,258.61,1,0,1.000,85.000,-6.000,180.000
374,-3.47,433.65,258.61,1,0,0.999,82.500,-6.000,180.000
375,-4.61,433.83,258.61,1,0,1.001,80.000,-6.000,180.000
376,-5.75,434.05,258.61,1,0,0.999,77.500,-6.000,180.000
377,-6.88,434.33,258.61,1,0,1.000,75.000,-6.000,180.000
378,-7.99,434.65,258.61,1,0,1.000,72.500,-6.000,180.000
379,-9.09,435.03,258.61,1,0,1.001,70.000,-6.000,180.000
380,-10.17,435.45,258.61,1,0,0.999,67.500,-6.000,180.000
381,-11.23,435.91,258.61,1,0,1.000,65.000,-6.000,180.000
382,-12.27,436.43,258.61,1,0,1.000,62.500,-6.000,180.000
383,-13.29,436.98,258.61,1,0,1.001,60.000,-6.000,180.000
384,-14.28,437.59,258.61,1,0,0.999,57.500,-6.000,180.000
385,-15.24,438.23,258.61,1,0,1.000,55.000,-6.000,180.000
386,-16.18,438.92,258.61,1,0,1.000,52.500,-6.000,180.000
387,-17.08,439.64,258.61,1,0,1.001,50.000,-6.000,180.000
388,-17.95,440.41,258.61,1,0,1.000,47.500,-6.000,180.000
389,-18.79,441.21,258.61,1,0,1.009,45.000,-6.000,180.000
390,-19.59,442.05,258.61,1,0,0.990,42.500,-6.000,180.000
391,-20.36,442.92,258.61,1,0,1.011,40.000,-6.000,180.000
392,-21.08,443.82,258.61,1,0,1.000,37.500,-6.000,180.000
393,-21.77,444.76,258.61,1,0,0.999,35.000,-6.000,180.000
394,-22.41,445.72,258.61,1,0,1.001,32.500,-6.000,180.000
395,-23.02,446.71,258.61,1,0,1.000,30.000,-6.000,180.000
396,-23.57,447.73,258.61,1,0,0.999,27.500,-6.000,180.000
397,-24.09,448.77,258.61,1,0,1.000,25.000,-6.000,180.000
398,-24.55,449.83,258.61,1,0,1.000,22.500,-6.000,180.000
399,-24.97,450.91,258.61,1,0,1.000,20.000,-6.000,180.000
400,-18.75,453.18,259.22,1,0,1.501,20.000,-4.500,180.000
401,-18.43,452.37,259.22,1,0,1.000,22.500,-4.500,180.000
402,-18.08,451.57,259.22,1,0,0.999,25.000,-4.500,180.000
403,-17.69,450.79,259.22,1,0,1.000,27.500,-4.500,180.000
404,-17.28,450.03,259.22,1,0,1.000,30.000,-4.500,180.000
405,-16.82,449.28,259.22,1,0,1.001,32.500,-4.500,180.000
406,-16.34,448.56,259.22,1,0,0.999,35.000,-4.500,180.000
407,-15.83,447.86,259.22,1,0,1.000,37.500,-4.500,180.000
408,-15.28,447.18,259.22,1,0,1.010,40.000,-4.500,180.000
409,-14.71,446.52,259.22,1,0,1.001,42.500,-4.500,180.000
410,-14.11,445.89,259.22,1,0,0.999,45.000,-4.500,180.000
411,-13.48,445.29,259.22,1,0,1.000,47.500,-4.500,180.000
412,-12.82,444.72,259.22,1,0,1.001,50.000,-4.500,180.000
413,-12.14,444.17,259.22,1,0,0.999,52.500,-4.500,180.000
414,-11.44,443.66,259.22,1,0,1.000,55.000,-4.500,180.000
415,-10.72,443.18,259.22,1,0,1.000,57.500,-4.500,180.000
416,-9.97,442.72,259.22,1,0,1.000,60.000,-4.500,180.000
417,-9.21,442.31,259.22,1,0,1.001,62.500,-4.500,180.000
418,-8.43,441.92,259.22,1,0,0.999,65.000,-4.500,180.000
419,-7.63,441.57,259.22,1,0,1.001,67.500,-4.500,180.000
420,-6.82,441.25,259.22,1,0,1.000,70.000,-4.500,180.000
421,-6.00,440.98,259.22,1,0,0.999,72.500,-4.500,180.000
422,-5.16,440.73,259.22,1,0,1.000,75.000,-4.500,180.000
423,-4.32,440.52,259.22,1,0,1.000,77.500,-4.500,180.000
424,-3.46,440.35,259.22,1,0,1.000,80.000,-4.500,180.000
425,-2.60,440.22,259.22,1,0,1.000,82.500,-4.500,180.000
426,-1.74,440.13,259.22,1,0,1.001,85.000,-4.500,180.000
427,-0.87,440.07,259.22,1,0,1.010,87.500,-4.500,180.000
428,-0.00,440.05,259.22,1,0,1.000,90.000,-4.500,180.000
429,0.87,440.07,259.22,1,0,0.999,92.500,-4.500,180.000
430,1.74,440.13,259.22,1,0,1.000,95.000,-4.500,180.000
431,2.60,440.22,259.22,1,0,1.000,97.500,-4.500,180.000
432,3.46,440.35,259.22,1,0,1.001,100.000,-4.500,180.000
433,4.32,440.52,259.22,1,0,0.999,102.500,-4.500,180.000
434,5.16,440.73,259.22,1,0,1.000,105.000,-4.500,180.000
435,6.00,440.98,259.22,1,0,1.000,107.500,-4.500,180.000
436,6.82,441.25,259.22,1,0,1.000,110.000,-4.500,180.000
437,7.63,441.57,259.22,1,0,1.001,112.500,-4.500,180.000
438,8.43,441.92,259.22,1,0,0.999,115.000,-4.500,180.000
439,9.21,442.31,259.22,1,0,1.000,117.500,-4.500,180.000
440,9.97,442.72,259.22,1,0,1.000,120.000,-4.500,180.000
441,10.72,443.18,259.22,1,0,1.000,122.500,-4.500,180.000
442,11.44,443.66,259.22,1,0,1.000,125.000,-4.500,180.000
443,12.14,444.17,259.22,1,0,1.000,127.500,-4.500,180.000
444,12.82,444.72,259.22,1,0,1.000,130.000,-4.500,180.000
445,13.48,445.29,259.22,1,0,1.011,132.500,-4.500,180.000
446,14.11,445.89,259.22,1,0,0.989,135.000,-4.500,180.000
447,14.71,446.52,259.22,1,0,1.010,137.500,-4.500,180.000
448,15.28,447.18,259.22,1,0,1.000,140.000,-4.500,180.000
449,15.83,447.86,259.22,1,0,1.000,142.500,-4.500,180.000
450,16.34,448.56,259.22,1,0,1.001,145.000,-4.500,180.000
451,16.82,449.28,259.22,1,0,1.000,147.500,-4.500,180.000
452,17.28,450.03,259.22,1,0,0.999,150.000,-4.500,180.000
453,17.69,450.79,259.22,1,0,1.000,152.500,-4.500,180.000
454,18.08,451.57,259.22,1,0,1.001,155.000,-4.500,180.000
455,18.43,452.37,259.22,1,0,0.999,157.500,-4.500,180.000
456,18.75,453.18,259.22,1,0,1.000,160.000,-4.500,180.000
457,12.50,455.45,259.65,1,0,1.500,160.000,-3.000,180.000
458,12.29,454.91,259.65,1,0,1.001,157.500,-3.000,180.000
459,12.06,454.38,259.65,1,0,0.999,155.000,-3.000,180.000
460,11.80,453.86,259.65,1,0,1.001,152.500,-3.000,180.000
461,11.52,453.35,259.65,1,0,0.999,150.000,-3.000,180.000
462,11.22,452.85,259.65,1,0,1.000,147.500,-3.000,180.000
463,10.90,452.37,259.65,1,0,1.010,145.000,-3.000,180.000
464,10.56,451.90,259.65,1,0,0.990,142.500,-3.000,180.000
465,10.19,451.45,259.65,1,0,1.010,140.000,-3.000,180.000
466,9.81,451.01,259.65,1,0,1.000,137.500,-3.000,180.000
467,9.41,450.59,259.65,1,0,1.001,135.000,-3.000,180.000
468,8.99,450.19,259.65,1,0,0.999,132.500,-3.000,180.000
469,8.55,449.81,259.65,1,0,1.001,130.000,-3.000,180.000
470,8.10,449.44,259.65,1,0,0.999,127.500,-3.000,180.000
471,7.63,449.10,259.65,1,0,1.001,125.000,-3.000,180.000
472,7.15,448.78,259.65,1,0,0.999,122.500,-3.000,180.000
473,6.65,448.48,259.65,1,0,1.000,120.000,-3.000,180.000
474,6.14,448.20,259.65,1,0,1.001,117.500,-3.000,180.000
475,5.62,447.94,259.65,1,0,1.000,115.000,-3.000,180.000
476,5.09,447.71,259.65,1,0,0.999,112.500,-3.000,180.000
477,4.55,447.50,259.65,1,0,1.000,110.000,-3.000,180.000
478,4.00,447.31,259.65,1,0,1.001,107.500,-3.000,180.000
479,3.44,447.15,259.65,1,0,1.000,105.000,-3.000,180.000
480,2.88,447.01,259.65,1,0,1.000,102.500,-3.000,180.000
481,2.31,446.90,259.65,1,0,1.000,100.000,-3.000,180.000
482,1.74,446.81,259.65,1,0,0.999,97.500,-3.000,180.000
483,1.16,446.74,259.65,1,0,1.011,95.000,-3.000,180.000
484,0.58,446.71,259.65,1,0,0.999,92.500,-3.000,180.000
485,-0.00,446.69,259.65,1,0,1.000,90.000,-3.000,180.000
486,-0.58,446.71,259.65,1,0,1.000,87.500,-3.000,180.000
487,-1.16,446.74,259.65,1,0,1.001,85.000,-3.000,180.000
488,-1.74,446.81,259.65,1,0,1.000,82.500,-3.000,180.000
489,-2.31,446.90,259.65,1,0,1.000,80.000,-3.000,180.000
490,-2.88,447.01,259.65,1,0,0.999,77.500,-3.000,180.000
491,-3.44,447.15,259.65,1,0,1.000,75.000,-3.000,180.000
492,-4.00,447.31,259.65,1,0,1.000,72.500,-3.000,180.000
493,-4.55,447.50,259.65,1,0,1.001,70.000,-3.000,180.000
494,-5.09,447.71,259.65,1,0,0.999,67.500,-3.000,180.000
495,-5.62,447.94,259.65,1,0,1.000,65.000,-3.000,180.000
496,-6.14,448.20,259.65,1,0,1.001,62.500,-3.000,180.000
497,-6.65,448.48,259.65,1,0,0.999,60.000,-3.000,180.000
498,-7.15,448.78,259.65,1,0,1.001,57.500,-3.000,180.000
499,-7.63,449.10,259.65,1,0,1.000,55.000,-3.000,180.000
500,-8.10,449.44,259.65,1,0,1.000,52.500,-3.000,180.000
501,-8.55,449.81,259.65,1,0,1.009,50.000,-3.000,180.000
502,-8.99,450.19,259.65,1,0,1.001,47.500,-3.000,180.000
503,-9.41,450.59,259.65,1,0,1.000,45.000,-3.000,180.000
504,-9.81,451.01,259.65,1,0,0.999,42.500,-3.000,180.000
505,-10.19,451.45,259.65,1,0,1.000,40.000,-3.000,180.000
506,-10.56,451.90,259.65,1,0,1.000,37.500,-3.000,180.000
507,-10.90,452.37,259.65,1,0,1.001,35.000,-3.000,180.000
508,-11.22,452.85,259.65,1,0,1.000,32.500,-3.000,180.000
509,-11.52,453.35,259.65,1,0,1.000,30.000,-3.000,180.000
510,-11.80,453.86,259.65,1,0,0.999,27.500,-3.000,180.000
511,-12.06,454.38,259.65,1,0,1.001,25.000,-3.000,180.000
512,-12.29,454.91,259.65,1,0,0.999,22.500,-3.000,180.000
513,-12.50,455.45,259.65,1,0,1.000,20.000,-3.000,180.000
514,-6.25,457.72,259.91,1,0,1.501,20.000,-1.500,180.000
515,-6.15,457.45,259.91,1,0,0.999,22.500,-1.500,180.000
516,-6.03,457.19,259.91,1,0,1.000,25.000,-1.500,180.000
517,-5.90,456.93,259.91,1,0,1.000,27.500,-1.500,180.000
518,-5.76,456.67,259.91,1,0,1.000,30.000,-1.500,180.000
519,-5.61,456.42,259.91,1,0,1.010,32.500,-1.500,180.000
520,-5.45,456.18,259.91,1,0,1.000,35.000,-1.500,180.000
521,-5.28,455.95,259.91,1,0,1.001,37.500,-1.500,180.000
522,-5.10,455.72,259.91,1,0,0.999,40.000,-1.500,180.000
523,-4.91,455.50,259.91,1,0,1.001,42.500,-1.500,180.000
524,-4.71,455.29,259.91,1,0,1.000,45.000,-1.500,180.000
525,-4.50,455.09,259.91,1,0,0.999,47.500,-1.500,180.000
526,-4.28,454.90,259.91,1,0,1.000,50.000,-1.500,180.000
527,-4.05,454.72,259.91,1,0,1.000,52.500,-1.500,180.000
528,-3.82,454.55,259.91,1,0,1.000,55.000,-1.500,180.000
529,-3.58,454.39,259.91,1,0,1.000,57.500,-1.500,180.000
530,-3.33,454.24,259.91,1,0,1.000,60.000,-1.500,180.000
531,-3.07,454.10,259.91,1,0,1.001,62.500,-1.500,180.000
532,-2.81,453.97,259.91,1,0,0.999,65.000,-1.500,180.000
533,-2.55,453.85,259.91,1,0,1.001,67.500,-1.500,180.000
534,-2.28,453.75,259.91,1,0,0.999,70.000,-1.500,180.000
535,-2.00,453.65,259.91,1,0,1.000,72.500,-1.500,180.000
536,-1.72,453.57,259.91,1,0,1.000,75.000,-1.500,180.000
537,-1.44,453.50,259.91,1,0,1.001,77.500,-1.500,180.000
538,-1.16,453.45,259.91,1,0,0.999,80.000,-1.500,180.000
539,-0.87,453.40,259.91,1,0,1.011,82.500,-1.500,180.000
540,-0.58,453.37,259.91,1,0,0.999,85.000,-1.500,180.000
541,-0.29,453.35,259.91,1,0,1.000,87.500,-1.500,180.000
542,-0.00,453.34,259.91,1,0,1.000,90.000,-1.500,180.000
543,0.29,453.35,259.91,1,0,1.000,92.500,-1.500,180.000
544,0.58,453.37,259.91,1,0,1.000,95.000,-1.500,180.000
545,0.87,453.40,259.91,1,0,1.001,97.500,-1.500,180.000
546,1.16,453.45,259.91,1,0,0.999,100.000,-1.500,180.000
547,1.44,453.50,259.91,1,0,1.000,102.500,-1.500,180.000
548,1.72,453.57,259.91,1,0,1.000,105.000,-1.500,180.000
549,2.00,453.65,259.91,1,0,1.000,107.500,-1.500,180.000
550,2.28,453.75,259.91,1,0,1.001,110.000,-1.500,180.000
551,2.55,453.85,259.91,1,0,0.999,112.500,-1.500,180.000
552,2.81,453.97,259.91,1,0,1.001,115.000,-1.500,180.000
553,3.07,454.10,259.91,1,0,0.999,117.500,-1.500,180.000
554,3.33,454.24,259.91,1,0,1.001,120.000,-1.500,180.000
555,3.58,454.39,259.91,1,0,1.000,122.500,-1.500,180.000
556,3.82,454.55,259.91,1,0,0.999,125.000,-1.500,180.000
557,4.05,454.72,259.91,1,0,1.010,127.500,-1.500,180.000
558,4.28,454.90,259.91,1,0,1.000,130.000,-1.500,180.000
559,4.50,455.09,259.91,1,0,1.001,132.500,-1.500,180.000
560,4.71,455.29,259.91,1,0,0.999,135.000,-1.500,180.000
561,4.91,455.50,259.91,1,0,1.000,137.500,-1.500,180.000
562,5.10,455.72,259.91,1,0,1.001,140.000,-1.500,180.000
563,5.28,455.95,259.91,1,0,0.999,142.500,-1.500,180.000
564,5.45,456.18,259.91,1,0,1.001,145.000,-1.500,180.000
565,5.61,456.42,259.91,1,0,0.999,147.500,-1.500,180.000
566,5.76,456.67,259.91,1,0,1.000,150.000,-1.500,180.000
567,5.90,456.93,259.91,1,0,1.000,152.500,-1.500,180.000
568,6.03,457.19,259.91,1,0,1.001,155.000,-1.500,180.000
569,6.15,457.45,259.91,1,0,0.999,157.500,-1.500,180.000
570,6.25,457.72,259.91,1,0,1.000,160.000,-1.500,180.000
571,0.00,460.00,260.00,1,0,1.501,160.000,0.000,180.000
572,0.00,460.00,260.00,1,0,0.999,157.500,0.000,180.000
573,0.00,460.00,260.00,1,0,1.001,155.000,0.000,180.000
574,0.00,460.00,260.00,1,0,0.999,152.500,0.000,180.000
575,0.00,460.00,260.00,1,0,1.011,150.000,0.000,180.000
576,0.00,460.00,260.00,1,0,0.999,147.500,0.000,180.000
577,0.00,460.00,260.00,1,0,1.000,145.000,0.000,180.000
578,0.00,460.00,260.00,1,0,1.001,142.500,0.000,180.000
579,0.00,460.00,260.00,1,0,0.999,140.000,0.000,180.000
580,0.00,460.00,260.00,1,0,1.000,137.500,0.000,180.000
581,0.00,460.00,260.00,1,0,1.000,135.000,0.000,180.000
582,0.00,460.00,260.00,1,0,1.000,132.500,0.000,180.000
583,0.00,460.00,260.00,1,0,1.001,130.000,0.000,180.000
584,0.00,460.00,260.00,1,0,0.999,127.500,0.000,180.000
585,0.00,460.00,260.00,1,0,1.001,125.000,0.000,180.000
586,0.00,460.00,260.00,1,0,0.999,122.500,0.000,180.000
587,0.00,460.00,260.00,1,0,1.000,120.000,0.000,180.000
588,0.00,460.00,260.00,1,0,1.000,117.500,0.000,180.000
589,0.00,460.00,260.00,1,0,1.000,115.000,0.000,180.000
590,0.00,460.00,260.00,1,0,1.001,112.500,0.000,180.000
591,0.00,460.00,260.00,1,0,1.000,110.000,0.000,180.000
592,0.00,460.00,260.00,1,0,1.000,107.500,0.000,180.000
593,0.00,460.00,260.00,1,0,1.010,105.000,0.000,180.000
594,0.00,460.00,260.00,1,0,0.999,102.500,0.000,180.000
595,0.00,460.00,260.00,1,0,1.000,100.000,0.000,180.000
596,0.00,460.00,260.00,1,0,1.000,97.500,0.000,180.000
597,0.00,460.00,260.00,1,0,1.000,95.000,0.000,180.000
598,0.00,460.00,260.00,1,0,1.000,92.500,0.000,180.000
599,0.00,460.00,260.00,1,0,1.000,90.000,0.000,180.000
600,0.00,460.00,260.00,1,0,1.000,87.500,0.000,180.000
601,0.00,460.00,260.00,1,0,1.001,85.000,0.000,180.000
602,0.00,460.00,260.00,1,0,1.000,82.500,0.000,180.000
603,0.00,460.00,260.00,1,0,1.000,80.000,0.000,180.000
604,0.00,460.00,260.00,1,0,0.999,77.500,0.000,180.000
605,0.00,460.00,260.00,1,0,1.001,75.000,0.000,180.000
606,0.00,460.00,260.00,1,0,0.999,72.500,0.000,180.000
607,0.00,460.00,260.00,1,0,1.000,70.000,0.000,180.000
608,0.00,460.00,260.00,1,0,1.001,67.500,0.000,180.000
609,0.00,460.00,260.00,1,0,0.999,65.000,0.000,180.000
610,0.00,460.00,260.00,1,0,1.000,62.500,0.000,180.000
611,0.00,460.00,260.00,1,0,1.000,60.000,0.000,180.000
612,0.00,460.00,260.00,1,0,1.000,57.500,0.000,180.000
613,0.00,460.00,260.00,1,0,1.011,55.000,0.000,180.000
614,0.00,460.00,260.00,1,0,0.999,52.500,0.000,180.000
615,0.00,460.00,260.00,1,0,1.000,50.000,0.000,180.000
616,0.00,460.00,260.00,1,0,1.001,47.500,0.000,180.000
617,0.00,460.00,260.00,1,0,0.999,45.000,0.000,180.000
618,0.00,460.00,260.00,1,0,1.000,42.500,0.000,180.000
619,0.00,460.00,260.00,1,0,1.001,40.000,0.000,180.000
620,0.00,460.00,260.00,1,0,1.000,37.500,0.000,180.000
621,0.00,460.00,260.00,1,0,0.999,35.000,0.000,180.000
622,0.00,460.00,260.00,1,0,1.000,32.500,0.000,180.000
623,0.00,460.00,260.00,1,0,1.000,30.000,0.000,180.000
624,0.00,460.00,260.00,1,0,1.001,27.500,0.000,180.000
625,0.00,460.00,260.00,1,0,0.999,25.000,0.000,180.000
626,0.00,460.00,260.00,1,0,1.000,22.500,0.000,180.000
627,0.00,460.00,260.00,1,0,1.000,20.000,0.000,180.000
